{
  "hyperparameters": {
    "learning_rate": 0.15,
    "discount_factor": 0.99,
    "exploration_rate": 0.05,
    "position_bins": 10,
    "velocity_bins": 5,
    "wind_bins": 8,
    "wind_preview_steps": 3,
    "grid_size": 32,
    "q_init_high": 10.0
  },
  "training": {
    "scenarios": [
      "simple_static"
    ],
    "episodes": 2000,
    "final_success_rate": 0.4955,
    "avg_reward": 274.38331324843267,
    "avg_steps": 385.4725,
    "q_table_size": 5722,
    "scenario_metrics": {
      "simple_static": {
        "success_rate": 49.55,
        "avg_reward": 274.3833132484326,
        "avg_steps": 385.4725
      }
    }
  },
  "model_path": "/home/unmars/Downloads/RL_Sailing_Challenge/src/models/vmg_agent_simple_static_20260120_003225.pkl",
  "exported_path": "/home/unmars/Downloads/RL_Sailing_Challenge/src/Submission_agents/vmg_agent_exported_20260120_003634.py",
  "evaluation": {
    "simple_static": {
      "success": true,
      "success_rate": 0.9,
      "mean_reward": 138.75113002863432,
      "mean_steps": 400.61,
      "std_reward": 34.38904390579304,
      "std_steps": 277.8408139564812,
      "success_rate_std": 0,
      "reward_std": 34.38904390579304,
      "steps_std": 277.8408139564812,
      "custom_score": 1.605675634467011,
      "custom_score_formula": "100 * 0.99^steps * success_rate",
      "previous_custom_score": 51.32651130028634
    },
    "static_headwind": {
      "success_rate": 0.23,
      "mean_reward": 15.370886055190573,
      "mean_steps": 1000.0,
      "std_reward": 40.577328340037184,
      "std_steps": 0.0,
      "success": true,
      "custom_score": 0.0009929386904451308,
      "custom_score_formula": "100 * 0.99^steps * success_rate"
    },
    "training_1": {
      "success_rate": 0.74,
      "mean_reward": 67.19332580313456,
      "mean_steps": 658.23,
      "std_reward": 30.22004098353466,
      "std_steps": 322.35799524751974,
      "success": true,
      "custom_score": 0.09912560698200347,
      "custom_score_formula": "100 * 0.99^steps * success_rate"
    },
    "training_2": {
      "success_rate": 0.81,
      "mean_reward": 88.32969912427203,
      "mean_steps": 678.75,
      "std_reward": 39.38679345673067,
      "std_steps": 296.73251844042977,
      "success": true,
      "custom_score": 0.08828224160790546,
      "custom_score_formula": "100 * 0.99^steps * success_rate"
    },
    "training_3": {
      "success_rate": 0.63,
      "mean_reward": 38.44191440340556,
      "mean_steps": 748.84,
      "std_reward": 25.23695728929977,
      "std_steps": 301.2194123890424,
      "success": true,
      "custom_score": 0.033946864890542855,
      "custom_score_formula": "100 * 0.99^steps * success_rate"
    }
  },
  "metadata": {
    "agent": "vmg_agent",
    "timestamp": "20260120_003646",
    "command": "Scripts/run_pipeline.py train+export+eval --agent vmg_agent --scenario simple_static --episodes 2000"
  }
}