{
  "hyperparameters": {
    "learning_rate": 0.2,
    "discount_factor": 0.99,
    "exploration_rate": 0.3,
    "position_bins": 8,
    "velocity_bins": 5,
    "wind_bins": 8,
    "wind_preview_steps": 3,
    "grid_size": 32,
    "q_init_high": 10.0
  },
  "training": {
    "scenarios": [
      "simple_static",
      "training_1",
      "training_2",
      "training_3"
    ],
    "episodes": 500,
    "final_success_rate": 0.9315,
    "avg_reward": 368.41540337454256,
    "avg_steps": 168.2235,
    "q_table_size": 1814,
    "scenario_metrics": {
      "simple_static": {
        "success_rate": 73.0,
        "avg_reward": 325.1340497597874,
        "avg_steps": 320.2
      },
      "training_1": {
        "success_rate": 99.6,
        "avg_reward": 380.9993259495785,
        "avg_steps": 149.788
      },
      "training_2": {
        "success_rate": 100.0,
        "avg_reward": 383.3681492477393,
        "avg_steps": 95.896
      },
      "training_3": {
        "success_rate": 100.0,
        "avg_reward": 384.1600885410651,
        "avg_steps": 107.01
      }
    }
  },
  "model_path": "/Users/raniazougarirania_2004/ENSIMAG_3A/MFML/RL_Sailing_Challenge/src/models/vmg_agent_multi_4scenarios_20260120_142944.pkl",
  "exported_path": "/Users/raniazougarirania_2004/ENSIMAG_3A/MFML/RL_Sailing_Challenge/src/Submission_agents/vmg_agent_exported_20260120_143021.py",
  "evaluation": {
    "simple_static": {
      "success": true,
      "success_rate": 0.56,
      "mean_reward": 99.68570463012968,
      "mean_steps": 716.13,
      "std_reward": 53.26811065877542,
      "std_steps": 356.8018961552755,
      "success_rate_std": 0,
      "reward_std": 53.26811065877542,
      "steps_std": 356.8018961552755,
      "custom_score": 0.04191987067433783,
      "expected_score_100pct": 0.0748569119184604,
      "custom_score_formula": "100 \u00d7 0.99^steps \u00d7 success_rate"
    },
    "training_1": {
      "success": true,
      "success_rate": 1.0,
      "mean_reward": 205.2710276932773,
      "mean_steps": 137.4,
      "std_reward": 39.1664378437335,
      "std_steps": 50.98117299552845,
      "success_rate_std": 0,
      "reward_std": 39.1664378437335,
      "steps_std": 50.98117299552845,
      "custom_score": 25.13481758522055,
      "expected_score_100pct": 25.13481758522055,
      "custom_score_formula": "100 \u00d7 0.99^steps \u00d7 success_rate"
    },
    "training_2": {
      "success": true,
      "success_rate": 1.0,
      "mean_reward": 269.94976322457546,
      "mean_steps": 72.78,
      "std_reward": 45.9319310024243,
      "std_steps": 47.035003986392944,
      "success_rate_std": 0,
      "reward_std": 45.9319310024243,
      "steps_std": 47.035003986392944,
      "custom_score": 48.12042593432205,
      "expected_score_100pct": 48.12042593432205,
      "custom_score_formula": "100 \u00d7 0.99^steps \u00d7 success_rate"
    },
    "training_3": {
      "success": true,
      "success_rate": 1.0,
      "mean_reward": 197.9130253827804,
      "mean_steps": 126.52,
      "std_reward": 22.37442965409452,
      "std_steps": 19.284439322935995,
      "success_rate_std": 0,
      "reward_std": 22.37442965409452,
      "steps_std": 19.284439322935995,
      "custom_score": 28.039148484022668,
      "expected_score_100pct": 28.039148484022668,
      "custom_score_formula": "100 \u00d7 0.99^steps \u00d7 success_rate"
    }
  },
  "metadata": {
    "agent": "vmg_agent",
    "timestamp": "20260120_143033",
    "command": "Scripts/run_pipeline.py train+export+eval --agent vmg_agent --scenario simple_static training_1 training_2 training_3 --episodes 500"
  }
}