{
  "agent_source_backup": "/home/unmars/Downloads/RL_Sailing_Challenge/src/agents/archive/other_20260121_122552.py",
  "hyperparameters": {
    "learning_rate": 0.1,
    "discount_factor": 0.9,
    "exploration_rate": 0.5,
    "exploration_rate_min": 0.01,
    "velocity_bins": [
      0.5,
      1.5
    ]
  },
  "training": {
    "scenarios": [
      "simple_static",
      "static_headwind",
      "training_1",
      "training_2",
      "training_3"
    ],
    "episodes": 1000,
    "final_success_rate": 1.0,
    "avg_reward": 384.9906589211604,
    "avg_steps": 104.2492,
    "q_table_size": 1977,
    "scenario_metrics": {
      "simple_static": {
        "success_rate": 100.0,
        "avg_reward": 376.8984286871755,
        "avg_steps": 160.513
      },
      "static_headwind": {
        "success_rate": 100.0,
        "avg_reward": 381.9181942087876,
        "avg_steps": 130.594
      },
      "training_1": {
        "success_rate": 100.0,
        "avg_reward": 388.754080469555,
        "avg_steps": 95.456
      },
      "training_2": {
        "success_rate": 100.0,
        "avg_reward": 387.7341442547027,
        "avg_steps": 44.31
      },
      "training_3": {
        "success_rate": 100.0,
        "avg_reward": 389.6484469856052,
        "avg_steps": 90.373
      }
    }
  },
  "model_path": "/home/unmars/Downloads/RL_Sailing_Challenge/src/models/other_multi_5scenarios_20260121_122552.pkl",
  "exported_path": "/home/unmars/Downloads/RL_Sailing_Challenge/src/Submission_agents/other_exported_20260121_122703.py",
  "evaluation": {
    "simple_static": {
      "success": true,
      "success_rate": 0.01,
      "mean_reward": 131.37901476805885,
      "mean_steps": 992.04,
      "std_reward": 22.577643090442564,
      "std_steps": 79.20099999368693,
      "success_rate_std": 0,
      "reward_std": 22.577643090442564,
      "steps_std": 79.20099999368693,
      "custom_score": 4.676688550788521e-05,
      "expected_score_100pct": 0.004676688550788521,
      "custom_score_formula": "100 \u00d7 0.99^steps \u00d7 success_rate"
    },
    "static_headwind": {
      "success": true,
      "success_rate": 1.0,
      "mean_reward": 180.0909717576798,
      "mean_steps": 214.71,
      "std_reward": 33.74327116216261,
      "std_steps": 123.97857032568169,
      "success_rate_std": 0,
      "reward_std": 33.74327116216261,
      "steps_std": 123.97857032568169,
      "custom_score": 11.556667866872472,
      "expected_score_100pct": 11.556667866872472,
      "custom_score_formula": "100 \u00d7 0.99^steps \u00d7 success_rate"
    },
    "training_1": {
      "success": true,
      "success_rate": 1.0,
      "mean_reward": 239.3558562507181,
      "mean_steps": 107.08,
      "std_reward": 25.780698681960047,
      "std_steps": 21.43580182778335,
      "success_rate_std": 0,
      "reward_std": 25.780698681960047,
      "steps_std": 21.43580182778335,
      "custom_score": 34.08918650794615,
      "expected_score_100pct": 34.08918650794615,
      "custom_score_formula": "100 \u00d7 0.99^steps \u00d7 success_rate"
    },
    "training_2": {
      "success": true,
      "success_rate": 1.0,
      "mean_reward": 322.73296973488226,
      "mean_steps": 31.95,
      "std_reward": 8.01597037564923,
      "std_steps": 4.5615238681826495,
      "success_rate_std": 0,
      "reward_std": 8.01597037564923,
      "steps_std": 4.5615238681826495,
      "custom_score": 72.5344742303517,
      "expected_score_100pct": 72.5344742303517,
      "custom_score_formula": "100 \u00d7 0.99^steps \u00d7 success_rate"
    },
    "training_3": {
      "success": true,
      "success_rate": 1.0,
      "mean_reward": 266.85280970493244,
      "mean_steps": 73.29,
      "std_reward": 14.366003166186227,
      "std_steps": 13.388274720814477,
      "success_rate_std": 0,
      "reward_std": 14.366003166186227,
      "steps_std": 13.388274720814477,
      "custom_score": 47.87440749233316,
      "expected_score_100pct": 47.87440749233316,
      "custom_score_formula": "100 \u00d7 0.99^steps \u00d7 success_rate"
    }
  },
  "metadata": {
    "agent": "other",
    "timestamp": "20260121_122717",
    "command": "Scripts/run_pipeline.py train+export+eval --agent other --scenario simple_static static_headwind training_1 training_2 training_3 --episodes 1000"
  }
}