{
  "hyperparameters": {
    "learning_rate": 0.15,
    "discount_factor": 0.99,
    "exploration_rate": 0.05,
    "position_bins": 10,
    "velocity_bins": 5,
    "wind_bins": 8,
    "wind_preview_steps": 3,
    "grid_size": 32,
    "q_init_high": 10.0
  },
  "training": {
    "scenarios": [
      "simple_static"
    ],
    "episodes": 2000,
    "final_success_rate": 0.872,
    "avg_reward": 355.33031105702867,
    "avg_steps": 254.0545,
    "q_table_size": 612,
    "scenario_metrics": {
      "simple_static": {
        "success_rate": 87.2,
        "avg_reward": 355.33031105702787,
        "avg_steps": 254.0545
      }
    }
  },
  "model_path": "/home/unmars/Downloads/RL_Sailing_Challenge/src/models/vmg_agent_simple_static_20260120_010119_22_points.pkl",
  "exported_path": "/home/unmars/Downloads/RL_Sailing_Challenge/src/Submission_agents/vmg_agent_exported_20260120_010218_22_points.py",
  "evaluation": {
    "simple_static": {
      "success": true,
      "success_rate": 1.0,
      "mean_reward": 197.233692463639,
      "mean_steps": 166.15,
      "std_reward": 19.988093010436895,
      "std_steps": 58.57975332826181,
      "success_rate_std": 0,
      "reward_std": 19.988093010436895,
      "steps_std": 58.57975332826181,
      "custom_score": 18.827280038387208,
      "custom_score_formula": "100 * 0.99^steps * success_rate",
      "previous_custom_score": 85.35733692463639
    },
    "static_headwind": {
      "success_rate": 0.24,
      "mean_reward": 38.62389565893239,
      "mean_steps": 979.75,
      "std_reward": 54.204680958088915,
      "std_steps": 117.93993174493531,
      "success": true,
      "custom_score": 0.0012699690839935573,
      "custom_score_formula": "100 * 0.99^steps * success_rate"
    },
    "training_1": {
      "success_rate": 0.93,
      "mean_reward": 105.65313179571163,
      "mean_steps": 454.65,
      "std_reward": 42.561072119572046,
      "std_steps": 235.56958101588583,
      "success": true,
      "custom_score": 0.9638826707288212,
      "custom_score_formula": "100 * 0.99^steps * success_rate"
    },
    "training_2": {
      "success_rate": 0.94,
      "mean_reward": 122.59153739687646,
      "mean_steps": 416.95,
      "std_reward": 41.09213119455386,
      "std_steps": 270.95207602083434,
      "success": true,
      "custom_score": 1.4230568201652143,
      "custom_score_formula": "100 * 0.99^steps * success_rate"
    },
    "training_3": {
      "success_rate": 0.96,
      "mean_reward": 86.74391897412029,
      "mean_steps": 337.02,
      "std_reward": 26.21974956751141,
      "std_steps": 228.6893517416148,
      "success": true,
      "custom_score": 3.245222783272698,
      "custom_score_formula": "100 * 0.99^steps * success_rate"
    }
  },
  "metadata": {
    "agent": "vmg_agent",
    "timestamp": "20260120_010220",
    "command": "Scripts/run_pipeline.py train+export+eval --agent vmg_agent --scenario simple_static --episodes 2000"
  }
}