{
  "exported_path": "/home/unmars/Downloads/RL_Sailing_Challenge/src/Submission_agents/vmg_agent_exported_20260120_003038.py",
  "evaluation": {
    "simple_static": {
      "success": true,
      "success_rate": 0.93,
      "mean_reward": 145.01920118284906,
      "mean_steps": 380.83,
      "std_reward": 31.33928847469342,
      "std_steps": 277.721985265841,
      "success_rate_std": 0,
      "reward_std": 31.33928847469342,
      "steps_std": 277.721985265841,
      "custom_score": 2.0241099843936716,
      "custom_score_formula": "100 * 0.99^steps * success_rate",
      "previous_custom_score": 56.36719201182849
    },
    "static_headwind": {
      "success_rate": 0.25,
      "mean_reward": 18.156880335022187,
      "mean_steps": 1000.0,
      "std_reward": 42.05453693097346,
      "std_steps": 0.0,
      "success": true,
      "custom_score": 0.0010792811852664466,
      "custom_score_formula": "100 * 0.99^steps * success_rate"
    },
    "training_1": {
      "success_rate": 0.75,
      "mean_reward": 62.61238065443009,
      "mean_steps": 687.11,
      "std_reward": 29.71260403618289,
      "std_steps": 298.3739564707349,
      "success": true,
      "custom_score": 0.07515533644217205,
      "custom_score_formula": "100 * 0.99^steps * success_rate"
    },
    "training_2": {
      "success_rate": 0.76,
      "mean_reward": 86.00439155758293,
      "mean_steps": 675.04,
      "std_reward": 44.691725247021154,
      "std_steps": 306.15355362954716,
      "success": true,
      "custom_score": 0.08597958675125347,
      "custom_score_formula": "100 * 0.99^steps * success_rate"
    },
    "training_3": {
      "success_rate": 0.72,
      "mean_reward": 46.92364768652644,
      "mean_steps": 618.08,
      "std_reward": 29.336482011293313,
      "std_steps": 318.25790422234604,
      "success": true,
      "custom_score": 0.14438882202539735,
      "custom_score_formula": "100 * 0.99^steps * success_rate"
    }
  },
  "metadata": {
    "agent": "vmg_agent",
    "timestamp": "20260120_003048",
    "command": "Scripts/run_pipeline.py eval --agent vmg_agent --model src/models/vmg_agent_simple_static_20260119_234708.pkl --scenario simple_static"
  }
}