{
  "hyperparameters": {
    "learning_rate": 0.2,
    "discount_factor": 0.99,
    "exploration_rate": 0.3,
    "q_init_high": 10.0
  },
  "training": {
    "scenarios": [
      "training_1",
      "training_2",
      "training_3"
    ],
    "episodes": 1000,
    "final_success_rate": 1.0,
    "avg_reward": 383.38793110657434,
    "avg_steps": 112.919,
    "q_table_size": 148,
    "scenario_metrics": {
      "training_1": {
        "success_rate": 100.0,
        "avg_reward": 381.43822034277684,
        "avg_steps": 154.803
      },
      "training_2": {
        "success_rate": 100.0,
        "avg_reward": 384.556771307466,
        "avg_steps": 77.774
      },
      "training_3": {
        "success_rate": 100.0,
        "avg_reward": 384.16880166947516,
        "avg_steps": 106.18
      }
    }
  },
  "model_path": "/home/unmars/Downloads/RL_Sailing_Challenge/src/models/relative_agent_multi_3scenarios_20260120_032810.pkl",
  "exported_path": "/home/unmars/Downloads/RL_Sailing_Challenge/src/Submission_agents/relative_agent_exported_20260120_032950.py",
  "evaluation": {
    "training_1": {
      "success": true,
      "success_rate": 1.0,
      "mean_reward": 155.08822532754115,
      "mean_steps": 138.27,
      "std_reward": 34.82418938169914,
      "std_steps": 32.516720314324445,
      "success_rate_std": 0,
      "reward_std": 34.82418938169914,
      "steps_std": 32.516720314324445,
      "custom_score": 24.91600199658261,
      "expected_score_100pct": 24.91600199658261,
      "custom_score_formula": "100 \u00d7 0.99^steps \u00d7 success_rate"
    },
    "training_2": {
      "success": true,
      "success_rate": 1.0,
      "mean_reward": 281.38456460653885,
      "mean_steps": 64.58,
      "std_reward": 42.299583393750424,
      "std_steps": 52.506414846188086,
      "success_rate_std": 0,
      "reward_std": 42.299583393750424,
      "steps_std": 52.506414846188086,
      "custom_score": 52.25415956464185,
      "expected_score_100pct": 52.25415956464185,
      "custom_score_formula": "100 \u00d7 0.99^steps \u00d7 success_rate"
    },
    "training_3": {
      "success": true,
      "success_rate": 1.0,
      "mean_reward": 222.91885594224698,
      "mean_steps": 93.44,
      "std_reward": 20.081439419332064,
      "std_steps": 22.92174513426061,
      "success_rate_std": 0,
      "reward_std": 20.081439419332064,
      "steps_std": 22.92174513426061,
      "custom_score": 39.09782363123514,
      "expected_score_100pct": 39.09782363123514,
      "custom_score_formula": "100 \u00d7 0.99^steps \u00d7 success_rate"
    }
  },
  "metadata": {
    "agent": "relative_agent",
    "timestamp": "20260120_033001",
    "command": "Scripts/run_pipeline.py train+export+eval --agent relative_agent --scenario training_1 training_2 training_3 --episodes 1000"
  }
}