{
  "training": {
    "scenarios": [
      "simple_static",
      "training_1",
      "training_2",
      "training_3"
    ],
    "episodes": 200,
    "final_success_rate": 1.0,
    "avg_reward": 4105.376678125411,
    "avg_steps": 816.555,
    "q_table_size": 96001,
    "scenario_metrics": {
      "simple_static": {
        "success_rate": 100.0,
        "avg_reward": 2987.956592514161,
        "avg_steps": 1000.0
      },
      "training_1": {
        "success_rate": 100.0,
        "avg_reward": 4541.192997606107,
        "avg_steps": 775.3
      },
      "training_2": {
        "success_rate": 100.0,
        "avg_reward": 4594.646473616018,
        "avg_steps": 797.645
      },
      "training_3": {
        "success_rate": 100.0,
        "avg_reward": 4297.710648765359,
        "avg_steps": 693.275
      }
    }
  },
  "model_path": "/home/unmars/Downloads/RL_Sailing_Challenge/src/models/my_agent_physics_multi_4scenarios_20260119_211400.pkl",
  "exported_path": "/home/unmars/Downloads/RL_Sailing_Challenge/src/Submission_agents/my_agent_physics_exported_20260119_211713.py",
  "evaluation": {
    "simple_static": {
      "success": true,
      "success_rate": 1.0,
      "mean_reward": 308.8296037403976,
      "mean_steps": 1000.0,
      "std_reward": 6.882669759069252,
      "std_steps": 0.0,
      "success_rate_std": 0,
      "reward_std": 6.882669759069252,
      "steps_std": 0.0,
      "custom_score": 3.088296037403976,
      "custom_score_formula": "Success% - Steps/10 + Reward/100"
    },
    "training_1": {
      "success": true,
      "success_rate": 1.0,
      "mean_reward": 358.9368882941311,
      "mean_steps": 738.35,
      "std_reward": 34.2529333281104,
      "std_steps": 301.5476869418832,
      "success_rate_std": 0,
      "reward_std": 34.2529333281104,
      "steps_std": 301.5476869418832,
      "custom_score": 29.754368882941304,
      "custom_score_formula": "Success% - Steps/10 + Reward/100"
    },
    "training_2": {
      "success": true,
      "success_rate": 1.0,
      "mean_reward": 417.3402333123358,
      "mean_steps": 804.59,
      "std_reward": 76.04121658729964,
      "std_steps": 250.76419580952938,
      "success_rate_std": 0,
      "reward_std": 76.04121658729964,
      "steps_std": 250.76419580952938,
      "custom_score": 23.714402333123353,
      "custom_score_formula": "Success% - Steps/10 + Reward/100"
    },
    "training_3": {
      "success": true,
      "success_rate": 1.0,
      "mean_reward": 415.40443760149554,
      "mean_steps": 723.38,
      "std_reward": 66.70490167993157,
      "std_steps": 294.2567511544977,
      "success_rate_std": 0,
      "reward_std": 66.70490167993157,
      "steps_std": 294.2567511544977,
      "custom_score": 31.81604437601496,
      "custom_score_formula": "Success% - Steps/10 + Reward/100"
    }
  },
  "metadata": {
    "agent": "my_agent_physics",
    "timestamp": "20260119_211849",
    "command": "Scripts/run_pipeline.py train+export+eval --agent my_agent_physics --scenario simple_static training_1 training_2 training_3 --episodes 200"
  }
}